chapter_id,chapter_title,difficulty,section_id,section_title,explanation,points,learning_outcome
1,Introduction to Quantum Computing,Beginner,1.1,What is Quantum Computing?,Quantum computing is a way of processing information using quantum systems. This course introduces the ideas needed to understand quantum circuits and algorithms through simple explanations and interactive examples.,Meaning of quantum computing | Quantum information | Why quantum computing is different | Where quantum computing is useful,Understand the purpose of quantum computing. | Know the difference between a classical bit and a qubit. | Recognize the core terms used throughout the platform.
1,Introduction to Quantum Computing,Beginner,1.2,Classical vs Quantum Computing,"Classical computers use bits with values 0 or 1. Quantum computing uses qubits and quantum operations, allowing different ways of representing and manipulating information.",Classical bit | Quantum bit | Classical logic gates | Quantum gates | Conceptual comparison,Understand the purpose of quantum computing. | Know the difference between a classical bit and a qubit. | Recognize the core terms used throughout the platform.
1,Introduction to Quantum Computing,Beginner,1.3,Why Learn Quantum Computing Interactively?,"Quantum concepts can be abstract when learned only from text. An interactive platform lets learners build circuits, execute simulations and immediately inspect visual results.",Theory | Interactive circuit | Simulation | Visualization | Practice,Understand the purpose of quantum computing. | Know the difference between a classical bit and a qubit. | Recognize the core terms used throughout the platform.
1,Introduction to Quantum Computing,Beginner,1.4,Quantum Computing Vocabulary,Build a basic vocabulary before working in the lab.,Qubit | Gate | Circuit | Measurement | State | Superposition | Entanglement | Algorithm,Understand the purpose of quantum computing. | Know the difference between a classical bit and a qubit. | Recognize the core terms used throughout the platform.
2,Qubits and Quantum States,Beginner,2.1,What is a Qubit?,"A qubit is the basic unit used to represent quantum information. It can be prepared, transformed with quantum gates and measured.",Qubit definition | Single-qubit circuit | Qubit as quantum information,Identify |0> and |1>. | Understand the purpose of a statevector display. | Connect circuit operations with changes in quantum state.
2,Qubits and Quantum States,Beginner,2.2,Computational Basis States,The two standard computational basis states for one qubit are written as |0> and |1>.,|0> | |1> | Basis-state notation | Reading basis states,Identify |0> and |1>. | Understand the purpose of a statevector display. | Connect circuit operations with changes in quantum state.
2,Qubits and Quantum States,Beginner,2.3,Quantum State Representation,"A quantum state can be represented mathematically and displayed by a simulator. For the learning platform, learners should be able to inspect the state produced by a circuit.",State representation | Amplitudes | Statevector concept | Reading state information,Identify |0> and |1>. | Understand the purpose of a statevector display. | Connect circuit operations with changes in quantum state.
2,Qubits and Quantum States,Beginner,2.4,State Changes,Gates change the state of a qubit. Learners can compare the state before and after applying a gate.,Initial state | Gate operation | Resulting state | State comparison,Identify |0> and |1>. | Understand the purpose of a statevector display. | Connect circuit operations with changes in quantum state.
2,Qubits and Quantum States,Beginner,2.5,Interactive State Explorer,"Use the circuit lab to prepare a state, apply a gate and inspect the resulting state information.",Prepare |0> | Apply H/X/Z | Run | Inspect result,Identify |0> and |1>. | Understand the purpose of a statevector display. | Connect circuit operations with changes in quantum state.
3,Superposition and Measurement,Beginner,3.1,Concept of Superposition,Superposition is a fundamental quantum concept. The platform introduces it through a visual circuit and simulation rather than only mathematical notation.,Meaning of superposition | Single-qubit example | State before measurement,Explain the introductory idea of superposition. | Understand why repeated shots are useful. | Read a measurement histogram.
3,Superposition and Measurement,Beginner,3.2,Hadamard Gate,The Hadamard gate is a standard example for demonstrating an equal superposition from a computational basis input such as |0>.,H gate | Apply H to |0> | Expected probability idea | Interactive example,Explain the introductory idea of superposition. | Understand why repeated shots are useful. | Read a measurement histogram.
3,Superposition and Measurement,Beginner,3.3,Measurement,Measurement produces a classical outcome from a quantum state.,Measurement operation | Classical outcome | Measurement in a circuit,Explain the introductory idea of superposition. | Understand why repeated shots are useful. | Read a measurement histogram.
3,Superposition and Measurement,Beginner,3.4,Shots and Probability,Running a circuit repeatedly produces counts that can be converted into empirical probabilities.,Shots | Counts | Probability | Repeated execution,Explain the introductory idea of superposition. | Understand why repeated shots are useful. | Read a measurement histogram.
3,Superposition and Measurement,Beginner,3.5,Measurement Histogram,A histogram provides a visual view of measurement outcomes and their frequencies/probabilities.,Bars | Outcome labels | Counts | Probability interpretation,Explain the introductory idea of superposition. | Understand why repeated shots are useful. | Read a measurement histogram.
3,Superposition and Measurement,Beginner,3.6,Understanding Results,Compare the expected behavior of a simple circuit with the simulated measurement distribution.,Expected vs observed | Sampling variation | Result interpretation,Explain the introductory idea of superposition. | Understand why repeated shots are useful. | Read a measurement histogram.
4,Quantum Gates and Circuits,Beginner,4.1,Quantum Gates,Quantum gates are operations applied to qubits. They form the basic building blocks of a quantum circuit.,Gate concept | Gate sequence | Gate placement,Recognize common gates. | Read a circuit diagram. | Build a basic multi-qubit circuit.
4,Quantum Gates and Circuits,Beginner,4.2,H Gate,Use H to explore superposition behavior in the lab.,H operation | Single-qubit circuit | Simulation,Recognize common gates. | Read a circuit diagram. | Build a basic multi-qubit circuit.
4,Quantum Gates and Circuits,Beginner,4.3,"X, Y and Z Gates",Explore common single-qubit gates and compare their effects.,X gate | Y gate | Z gate | State changes,Recognize common gates. | Read a circuit diagram. | Build a basic multi-qubit circuit.
4,Quantum Gates and Circuits,Beginner,4.4,S and T Gates,Introduce S and T as additional single-qubit gates and show their role in circuit construction.,S gate | T gate | Phase concept at introductory level,Recognize common gates. | Read a circuit diagram. | Build a basic multi-qubit circuit.
4,Quantum Gates and Circuits,Beginner,4.5,CNOT Gate,CNOT is a controlled two-qubit operation. One qubit acts as control and another as target.,Control qubit | Target qubit | CNOT placement | Two-qubit circuit,Recognize common gates. | Read a circuit diagram. | Build a basic multi-qubit circuit.
4,Quantum Gates and Circuits,Beginner,4.6,SWAP Gate,SWAP exchanges the states of two qubits.,Two-qubit operation | SWAP placement | Circuit example,Recognize common gates. | Read a circuit diagram. | Build a basic multi-qubit circuit.
4,Quantum Gates and Circuits,Beginner,4.7,Circuit Diagram,"Read qubit wires, gate positions and operation order from a circuit diagram.",Qubit wires | Gate symbols | Operation order | Measurement,Recognize common gates. | Read a circuit diagram. | Build a basic multi-qubit circuit.
4,Quantum Gates and Circuits,Beginner,4.8,Multi-Qubit Circuits,Combine multiple gates and qubits into a complete circuit.,Two-qubit circuit | Gate sequence | Measurement,Recognize common gates. | Read a circuit diagram. | Build a basic multi-qubit circuit.
5,Entanglement,Intermediate,5.1,What is Entanglement?,Entanglement describes quantum correlations between quantum systems. It is introduced through small circuits and measurable outcomes.,Entanglement concept | Two-qubit systems | Correlation,Explain entanglement at an introductory level. | Build a Bell-state circuit. | Interpret its measurement pattern.
5,Entanglement,Intermediate,5.2,Bell State,A Bell-state circuit is a standard learning example that can be built with a Hadamard gate followed by a CNOT.,Bell state | Two qubits | H + CNOT,Explain entanglement at an introductory level. | Build a Bell-state circuit. | Interpret its measurement pattern.
5,Entanglement,Intermediate,5.3,Building the Circuit,Construct the circuit step by step in the visual editor.,Place H | Place CNOT | Add measurement | Run,Explain entanglement at an introductory level. | Build a Bell-state circuit. | Interpret its measurement pattern.
5,Entanglement,Intermediate,5.4,Correlated Results,Inspect the measurement results and understand the correlation shown by the simple Bell-state example.,Measurement outcomes | Correlation | Histogram,Explain entanglement at an introductory level. | Build a Bell-state circuit. | Interpret its measurement pattern.
5,Entanglement,Intermediate,5.5,Entanglement Lab Exercise,"Learners build the circuit themselves, run it and explain the result.",Build | Run | Observe | Explain,Explain entanglement at an introductory level. | Build a Bell-state circuit. | Interpret its measurement pattern.
6,Quantum Circuit Design and Programming,Intermediate,6.1,Drag-and-Drop Circuit Builder,Use a gate palette and place operations on qubit wires.,Gate palette | Qubit grid | Drag and drop | Delete,Build circuits visually. | Write basic quantum circuit code. | Validate a circuit before running it.
6,Quantum Circuit Design and Programming,Intermediate,6.2,Circuit Editing,Modify circuits before execution.,Undo | Redo | Clear | Reset | Move/delete gate,Build circuits visually. | Write basic quantum circuit code. | Validate a circuit before running it.
6,Quantum Circuit Design and Programming,Intermediate,6.3,Multi-Qubit Gate Placement,Learn how controlled and two-qubit gates occupy multiple qubit wires.,CNOT | SWAP | Control/target | Validation,Build circuits visually. | Write basic quantum circuit code. | Validate a circuit before running it.
6,Quantum Circuit Design and Programming,Intermediate,6.4,Code-Based Circuit Creation,Create a quantum circuit using supported quantum Python code.,QuantumCircuit | Gate calls | Measurement | Execution,Build circuits visually. | Write basic quantum circuit code. | Validate a circuit before running it.
6,Quantum Circuit Design and Programming,Intermediate,6.5,Code Editor,Use a code editor with readable formatting and syntax highlighting.,Editor | Syntax highlighting | Run | Reset,Build circuits visually. | Write basic quantum circuit code. | Validate a circuit before running it.
6,Quantum Circuit Design and Programming,Intermediate,6.6,Circuit Validation,Check for invalid operations before simulation.,Invalid gate placement | Missing measurement | Qubit index validation,Build circuits visually. | Write basic quantum circuit code. | Validate a circuit before running it.
6,Quantum Circuit Design and Programming,Intermediate,6.7,Visual and Code Views,Understand that the same circuit can be represented graphically and programmatically.,Visual representation | Code representation | Comparison,Build circuits visually. | Write basic quantum circuit code. | Validate a circuit before running it.
7,Quantum Simulation and Frameworks,Intermediate,7.1,What is Quantum Simulation?,A simulator runs a software model of a quantum circuit so learners can experiment without requiring direct access to physical quantum hardware.,Simulation | Circuit execution | Results,Understand why simulation is useful. | Recognize the named quantum frameworks/backends. | Read basic simulation output.
7,Quantum Simulation and Frameworks,Intermediate,7.2,Qiskit Aer,Introduce Qiskit Aer as a simulation backend named in the SIH problem statement.,Backend selection | Shots | Counts | Simulation result,Understand why simulation is useful. | Recognize the named quantum frameworks/backends. | Read basic simulation output.
7,Quantum Simulation and Frameworks,Intermediate,7.3,PennyLane,Introduce PennyLane as another framework named in the SIH problem statement and explain its role as an execution/simulation framework.,Framework concept | Circuit execution | Result handling,Understand why simulation is useful. | Recognize the named quantum frameworks/backends. | Read basic simulation output.
7,Quantum Simulation and Frameworks,Intermediate,7.4,Cirq,Introduce Cirq as another named quantum framework.,Framework concept | Circuit representation | Simulation,Understand why simulation is useful. | Recognize the named quantum frameworks/backends. | Read basic simulation output.
7,Quantum Simulation and Frameworks,Intermediate,7.5,Qbraid,Introduce Qbraid as a named platform/integration in the problem statement.,Platform/integration concept | Backend access | Result workflow,Understand why simulation is useful. | Recognize the named quantum frameworks/backends. | Read basic simulation output.
7,Quantum Simulation and Frameworks,Intermediate,7.6,Backend Selection,Allow learners to select an available backend and execute the same learning circuit where supported.,Backend dropdown | Execution | Result comparison,Understand why simulation is useful. | Recognize the named quantum frameworks/backends. | Read basic simulation output.
7,Quantum Simulation and Frameworks,Intermediate,7.7,Shots and Results,"Understand shots, counts, probabilities and basic execution metadata.",Shots | Counts | Probabilities | Execution time,Understand why simulation is useful. | Recognize the named quantum frameworks/backends. | Read basic simulation output.
8,Quantum Algorithms,Intermediate,8.1,What is a Quantum Algorithm?,A quantum algorithm is a sequence of quantum operations designed to solve or study a computational problem using a quantum system.,Algorithm concept | Circuit representation | Execution,Recognize the four named algorithms. | Understand their high-level purpose. | Run and inspect small educational examples.
8,Quantum Algorithms,Intermediate,8.2,Deutsch-Jozsa Algorithm,Study the purpose and circuit structure of Deutsch-Jozsa through a small educational example.,Problem idea | Oracle concept | Circuit | Simulation | Result,Recognize the four named algorithms. | Understand their high-level purpose. | Run and inspect small educational examples.
8,Quantum Algorithms,Intermediate,8.3,Grover's Algorithm,Study Grover as a quantum search example using a small circuit suitable for interactive simulation.,Search problem | Oracle concept | Amplification concept | Circuit | Histogram,Recognize the four named algorithms. | Understand their high-level purpose. | Run and inspect small educational examples.
8,Quantum Algorithms,Intermediate,8.4,QAOA,Study QAOA as a parameterized algorithm named in the problem statement.,Optimization concept | Parameterized circuit | Parameters | Simulation,Recognize the four named algorithms. | Understand their high-level purpose. | Run and inspect small educational examples.
8,Quantum Algorithms,Intermediate,8.5,VQE,Study VQE as a parameterized algorithm named in the problem statement.,Variational concept | Parameterized circuit | Evaluation | Result,Recognize the four named algorithms. | Understand their high-level purpose. | Run and inspect small educational examples.
8,Quantum Algorithms,Intermediate,8.6,Algorithm Comparison,Compare the purpose and interaction pattern of the listed algorithms.,Deutsch-Jozsa | Grover | QAOA | VQE | Result interpretation,Recognize the four named algorithms. | Understand their high-level purpose. | Run and inspect small educational examples.
9,Quantum State and Result Visualization,Intermediate,9.1,Circuit Rendering,See the circuit as a readable visual sequence of gates and measurements.,Qubit wires | Gate symbols | Operation order,Read a circuit rendering. | Interpret histograms and statevector information. | Use the Bloch sphere as an interactive learning visualization.
9,Quantum State and Result Visualization,Intermediate,9.2,Measurement Histogram,Use a histogram to inspect measurement counts or probabilities.,Outcome labels | Counts | Probabilities | Comparison,Read a circuit rendering. | Interpret histograms and statevector information. | Use the Bloch sphere as an interactive learning visualization.
9,Quantum State and Result Visualization,Intermediate,9.3,Probability Distribution,Convert measurement counts into an intuitive probability view.,Frequency | Probability | Distribution,Read a circuit rendering. | Interpret histograms and statevector information. | Use the Bloch sphere as an interactive learning visualization.
9,Quantum State and Result Visualization,Intermediate,9.4,Statevector Display,Inspect amplitudes/state information returned by a simulator where supported.,Statevector | Amplitudes | Basis states,Read a circuit rendering. | Interpret histograms and statevector information. | Use the Bloch sphere as an interactive learning visualization.
9,Quantum State and Result Visualization,Intermediate,9.5,Bloch Sphere,Use a Bloch sphere visualization to explore a single-qubit state.,Axes | State direction | Before/after gate comparison,Read a circuit rendering. | Interpret histograms and statevector information. | Use the Bloch sphere as an interactive learning visualization.
9,Quantum State and Result Visualization,Intermediate,9.6,Reading Visual Results,Connect visual outputs with the circuit that produced them.,Circuit | State | Measurement | Interpretation,Read a circuit rendering. | Interpret histograms and statevector information. | Use the Bloch sphere as an interactive learning visualization.
9,Quantum State and Result Visualization,Intermediate,9.7,Interactive Visualization Exercise,"Change a gate, rerun the circuit and compare the visualization.",Modify | Run | Compare | Explain,Read a circuit rendering. | Interpret histograms and statevector information. | Use the Bloch sphere as an interactive learning visualization.
10,"Assessment, Challenges and Learning Progress",Intermediate,10.1,Learning Assessment,Use assessments to verify understanding after lessons.,Quiz | MCQ | Score | Feedback,Complete assessments. | Understand how automatic grading works. | Track and interpret learning progress.
10,"Assessment, Challenges and Learning Progress",Intermediate,10.2,MCQ Quizzes,Answer structured multiple-choice questions covering course topics.,Question | Options | Correct answer | Explanation,Complete assessments. | Understand how automatic grading works. | Track and interpret learning progress.
10,"Assessment, Challenges and Learning Progress",Intermediate,10.3,Coding Challenges,Write quantum code for a specified circuit or task.,Problem statement | Code editor | Run | Submit,Complete assessments. | Understand how automatic grading works. | Track and interpret learning progress.
10,"Assessment, Challenges and Learning Progress",Intermediate,10.4,Circuit Challenges,Construct a target circuit using the visual circuit designer.,Instructions | Build | Validate | Submit,Complete assessments. | Understand how automatic grading works. | Track and interpret learning progress.
10,"Assessment, Challenges and Learning Progress",Intermediate,10.5,Automated Grading,Evaluate submissions using defined deterministic rules.,Expected structure | Validation | Score | Feedback,Complete assessments. | Understand how automatic grading works. | Track and interpret learning progress.
10,"Assessment, Challenges and Learning Progress",Intermediate,10.6,Progress Tracking,"Store completed lessons, quiz scores and challenge results.",Completion | Scores | Attempts | Overall progress,Complete assessments. | Understand how automatic grading works. | Track and interpret learning progress.
10,"Assessment, Challenges and Learning Progress",Intermediate,10.7,Performance Analytics,Summarize learning performance for the student.,Topic performance | Quiz average | Challenge performance | Weak areas,Complete assessments. | Understand how automatic grading works. | Track and interpret learning progress.
10,"Assessment, Challenges and Learning Progress",Intermediate,10.8,Instructor Dashboard,Provide an instructor view of learner progress and performance as required by the problem statement.,Student list | Progress | Performance | Weak topics,Complete assessments. | Understand how automatic grading works. | Track and interpret learning progress.
10,"Assessment, Challenges and Learning Progress",Intermediate,10.9,Authentication and Web Application,Provide user authentication and a responsive web application around the learning experience.,Register | Login | Protected pages | Responsive UI,Complete assessments. | Understand how automatic grading works. | Track and interpret learning progress.
