chapter_id,chapter_title,section_id,section_title,explanation,key_points,example,activity
11,Advanced Qubit Concepts,11.1,Qubit State and Amplitudes,Understand how amplitudes describe a quantum state and how they relate to measurement probabilities.,State amplitudes | Probability from amplitudes | Normalization,Example: Compare the state before and after H.,Activity: inspect a state display.
11,Advanced Qubit Concepts,11.2,Phase and Relative Phase,Learn why phase matters even when it is not directly visible in a simple measurement.,Global vs relative phase concept | Phase-changing gates | Interference connection,Example: compare circuits with Z/S operations.,Activity: modify phase gates and compare results.
11,Advanced Qubit Concepts,11.3,Single-Qubit State Exploration,Explore single-qubit states using circuit operations and visual tools.,Gate sequences | State display | Bloch sphere connection,Example: H followed by Z.,Activity: build and inspect a sequence.
11,Advanced Qubit Concepts,11.4,State Preparation,Learn how simple circuits prepare useful quantum states.,Basis states | Superposition | State transformation,Example: prepare |1> and a balanced state.,Activity: create two target states.
12,Quantum Measurement in Depth,12.1,Measurement in Different Bases,Understand that measurement depends on the basis in which information is observed.,Computational basis | Basis change idea | Measurement interpretation,Example: use H before measurement to change the effective measurement basis.,Activity: compare two measurement circuits.
12,Quantum Measurement in Depth,12.2,Measurement Statistics,Learn how repeated executions produce statistical results.,Shots | Counts | Sampling variation,Example: compare 100 and 1000 shots.,Activity: repeat a circuit and compare counts.
12,Quantum Measurement in Depth,12.3,Noise and Imperfect Results,Introduce the idea that real or noisy simulation results can differ from ideal results.,Ideal vs noisy result | Error effects | Result interpretation,Example: compare ideal and noisy output when available.,Activity: identify differences in histograms.
12,Quantum Measurement in Depth,12.4,Reading Experimental Results,Develop a systematic method for interpreting quantum results.,Circuit first | Backend/shots | Histogram | Conclusion,Example: explain a result using four steps.,Activity: write a short experiment report.
13,Quantum Circuit Programming with Qiskit,13.1,Qiskit Circuit Basics,Learn the basic structure of a quantum circuit in Qiskit.,Circuit creation | Qubits | Gates | Measurement,Example: create a one-qubit H circuit.,Activity: write and run a basic circuit.
13,Quantum Circuit Programming with Qiskit,13.2,Building Multi-Qubit Circuits,Create circuits with several qubits and controlled operations.,Multiple qubits | CNOT | Measurement,Example: create a two-qubit Bell circuit.,Activity: build a two-qubit circuit.
13,Quantum Circuit Programming with Qiskit,13.3,Simulation with Qiskit Aer,Run circuits on a simulator and retrieve results.,Backend selection | Shots | Counts,Example: simulate H and measurement.,Activity: change shots and compare results.
13,Quantum Circuit Programming with Qiskit,13.4,Circuit Debugging,Find common circuit and code mistakes.,Invalid gate use | Wrong qubit index | Missing measurement | Result checking,Example: fix a circuit with an incorrect qubit index.,Activity: debug a provided code sample.
14,Quantum Programming with Other Frameworks,14.1,PennyLane Circuit Workflow,Understand the basic workflow of defining and executing circuits in PennyLane.,Device | Circuit function | Operations | Measurement,Example: represent H and measurement.,Activity: recreate a simple circuit.
14,Quantum Programming with Other Frameworks,14.2,Cirq Circuit Workflow,Understand how circuits are represented and simulated in Cirq.,Qubits | Moments/operations | Simulation,Example: create a small circuit.,Activity: reproduce an H-X circuit.
14,Quantum Programming with Other Frameworks,14.3,Qbraid Workflow,Understand the role of Qbraid in a multi-framework quantum development environment.,Framework access | Backend idea | Experiment workflow,Example: compare a circuit workflow across tools.,Activity: identify the selected framework/backend.
14,Quantum Programming with Other Frameworks,14.4,Framework Comparison,Compare how the same conceptual circuit is represented across supported frameworks.,Circuit representation | Execution | Results | Learning value,Example: map H and CNOT across frameworks.,Activity: make a framework comparison table.
15,Advanced Quantum Circuit Design,15.1,Circuit Depth and Width,Understand basic measures used to describe circuit size.,Number of qubits | Number of operations | Circuit depth,Example: compare two circuits using depth.,Activity: identify which circuit is deeper.
15,Advanced Quantum Circuit Design,15.2,Controlled Operations,Explore controlled gates beyond basic CNOT usage.,Control qubit | Target operation | Multi-qubit behavior,Example: controlled-X concept.,Activity: construct a controlled operation.
15,Advanced Quantum Circuit Design,15.3,Parameterized Circuits,Learn the idea of gates whose behavior depends on parameters.,Parameters | Rotation concept | Parameter changes,Example: change an angle and observe results.,Activity: test several parameter values.
15,Advanced Quantum Circuit Design,15.4,Circuit Optimization Basics,Understand why equivalent circuits may differ in operation count or depth.,Remove unnecessary operations | Combine simple sequences | Compare outputs,Example: two X gates can return a basis state to its starting value.,Activity: simplify a circuit without changing its ideal result.
16,Quantum Algorithm Circuit Labs,16.1,Deutsch-Jozsa Circuit Lab,Build and execute a small Deutsch-Jozsa example.,Initialization | Oracle | Interference | Measurement,Example: trace each circuit stage.,Activity: complete the algorithm circuit.
16,Quantum Algorithm Circuit Labs,16.2,Grover Circuit Lab,Explore a small Grover search circuit.,Superposition | Oracle | Amplification | Measurement,Example: mark one target state.,Activity: run and inspect the target probability.
16,Quantum Algorithm Circuit Labs,16.3,QAOA Circuit Lab,Explore a small parameterized optimization circuit conceptually.,Problem encoding | Parameters | Circuit layers | Objective,Example: change a parameter and observe output.,Activity: compare two parameter settings.
16,Quantum Algorithm Circuit Labs,16.4,VQE Circuit Lab,Explore the basic variational workflow.,Ansatz | Parameters | Measurement | Classical update concept,Example: compare objective values for different parameters.,Activity: inspect a small VQE workflow.
17,Visualization and Interactive Quantum Lab,17.1,Interactive Circuit Playground,"Combine circuit construction, execution and visualization in one workspace.",Build | Run | Visualize | Reset,Example: create H-CNOT and inspect all outputs.,Activity: complete a guided experiment.
17,Visualization and Interactive Quantum Lab,17.2,Bloch Sphere Exploration,Use the Bloch sphere to explore single-qubit changes.,Axes | State movement | Gate effects,"Example: compare |0>, |1> and a superposition.",Activity: apply several gates and observe.
17,Visualization and Interactive Quantum Lab,17.3,Statevector and Probability Explorer,Compare state information with measurement probability.,Amplitudes | Probabilities | Counts,Example: inspect a superposition before measurement.,Activity: connect displayed values to a histogram.
17,Visualization and Interactive Quantum Lab,17.4,Experiment Comparison,Compare two circuits or two runs side by side.,Circuit difference | Backend/shots | Visual results,Example: H vs H-X circuit.,Activity: explain the observed difference.
18,Quantum Problem Solving and Practice,18.1,From Problem to Circuit,Learn how to translate a simple quantum problem into a circuit workflow.,Identify input | Choose gates | Measure | Interpret,Example: create a circuit for a simple state-preparation task.,Activity: design a circuit from a description.
18,Quantum Problem Solving and Practice,18.2,Circuit Prediction Exercises,Practice predicting results before simulation.,Gate reasoning | Measurement prediction | Verification,Example: predict X|0>.,"Activity: predict first, then run."
18,Quantum Problem Solving and Practice,18.3,Algorithm Selection Practice,Choose an appropriate standard algorithm for a described learning problem.,Search | Optimization | Function property | Variational estimation,Example: match Grover to a search task.,Activity: solve algorithm-selection questions.
18,Quantum Problem Solving and Practice,18.4,Mini Quantum Project,"Combine learning, circuit design, simulation and explanation into one small project.",Choose task | Build circuit | Run simulation | Visualize | Report,Example: create and explain a Bell-state experiment.,Activity: submit a mini project.
19,"Assessment, Coding Challenges and Learning Analytics",19.1,Progressive Quizzes,Use quizzes after lessons to confirm understanding.,MCQs | Immediate feedback | Retry | Score,Example: chapter-end knowledge check.,Activity: complete a quiz.
19,"Assessment, Coding Challenges and Learning Analytics",19.2,Quantum Coding Challenges,Practice quantum programming through structured tasks.,Write code | Run | Debug | Submit,Example: create a circuit with H and CNOT.,Activity: solve a coding challenge.
19,"Assessment, Coding Challenges and Learning Analytics",19.3,Circuit Challenges,Test visual circuit construction against a target circuit.,Required gates | Correct placement | Expected result,Example: construct a Bell-state circuit.,Activity: complete target-circuit task.
19,"Assessment, Coding Challenges and Learning Analytics",19.4,Performance Analytics,Understand how learner activity can be summarized for progress review.,Completion | Scores | Attempts | Weak topics,Example: dashboard identifies a low-scoring chapter.,Activity: inspect a sample analytics dashboard.
20,Complete Quantum Learning Journey and Platform Use,20.1,Learning Path,"Follow a structured path from fundamentals to algorithms, simulation and practical work.",Chapter sequence | Prerequisites | Completion | Next chapter,Example: finish a chapter before unlocking the next.,Activity: follow the full learning path.
20,Complete Quantum Learning Journey and Platform Use,20.2,Final Quantum Lab,"Combine circuit design, simulation and visualization in one final experiment.",Design | Code | Simulate | Visualize | Explain,Example: build a two-qubit algorithm-related experiment.,Activity: complete the final lab.
20,Complete Quantum Learning Journey and Platform Use,20.3,Final Assessment,"Evaluate knowledge through theory, coding and circuit tasks.",MCQs | Coding | Circuit task | Result review,Example: complete a mixed final assessment.,Activity: submit final assessment.
20,Complete Quantum Learning Journey and Platform Use,20.4,Learner Dashboard and Completion,Review overall progress and completed skills.,Chapter progress | Scores | Challenges | Completion status,Example: dashboard summarizes the student's journey.,Activity: review and document progress.
20,Complete Quantum Learning Journey and Platform Use,20.5,Instructor and Platform Review,Understand how instructors can monitor learners and how the platform supports the complete learning workflow.,Instructor dashboard | Authentication | API integration | Responsive UI | Cloud readiness,Example: instructor reviews learner completion and performance.,Activity: inspect the complete platform workflow.
20,Complete Quantum Learning Journey and Platform Use,20.6,AI Learning Support Integration,Understand where the AI features required by the problem statement can assist learning.,Concept explanation | Code generation | Debugging | Optimization suggestions | Personalized recommendations,Example: an AI assistant explains a circuit error or recommends revision.,Activity: design one AI-assisted learning interaction.
